submission_title,submission_text,top_comment_1_classification
AITA for telling my drywall guy to stop bugging my babysitter?,"we are doing some house renovations and so workers are in the house. today two guys were putting up drywall in the living room while our babysitter is playing with our daughter in the family room while i’m working in my downstairs office. 

i hear the drywall guy asking personal questions to my babysitter until her answers started getting short and her tone changes. 
ie: 
guy: so where do you live ? 
her: north of here
guy: yeah but where?
her: it’s kind of a weird spot

that’s when i finally walked upstairs and told him, “what is this? the census? she’s watching my kid. let her be. “ i thought i did it in a joking manner but i guess it came off harsher than i intended. my wife promptly informed me i was an asshole to the guy and the babysitter had it under control. 

i get that white knighting is a thing and that i may be out of touch with where i should be putting my foot down so i leave the verdict all of you. 

am i the a-hole?",NTA
AITA for telling my mom I'm not making her choose because I'm happy to be left out,"i'm (26f) recently divorced after learning my sister (27f) and husband were having an affair. i cut my sister off the day i found out. we have not spoken since, we have not been in the same room for more than ten seconds and i will not have a relationship with her moving forward. this year has been rough and covid made some things easier regarding there was no visiting family so the pressure was gone. but recently my mom wanted to have a family dinner again and i told her i would not go because i did not want to be in my sisters presence. she told me i can't avoid her forever, she's my sister and we share family. i told her i can and i will. her response was telling me i am being unfair making her choose between us and i said i'm not making her choose because i'm fine not being invited, i know my stance means i will end up being excluded. but i will not play nice with her and my ex. especially now that they are getting married too. we're never going to play happy families. i don't want to be civil to them. so i would rather not have anything to do with them. and they will never have anything to do with me again.

my mom thinks i'm being very unfair.

aita?

edited to add since this was asked: my dad died 9 years ago.",NTA
AITA for suggesting that my sister chose an easy love?,"my younger sister and i were very close when young but no so much now. i was born in fairly well to do hindu family. i fell in love and married a muslim man and had to convert to his religion. my family was pretty pissed off that i converted but we've kept in touch.

recently my sister announced that she was in love with a guy she'd met while trekking and they had plans to marry. my mom invited me for a 'girl's day', just me, her and my sister at my parent's home for a fun day.

my sister began to talk about her fiance, how they hated each other at first but then fell in love etc etc. i was happy for her.

it all began when i asked what religion he was. imagine my surprise when she said that he was hindu and the same community as our parents. this would mean that it would make my father absolutely over the moon.

i asked her if she was sure she loved him, because it seemed unbelievable that she would meet someone from the same small community as our parents' and fall in love. she got angry and told me that she was absolutely sure she was in love with him. 
i suggested that maybe she thought she was in love because it was easy and there was no challenges involved.

i explained to her that if she was truly in love, she wouldn't choose someone so obviously a match. it was as though our parents chose him from a catalogue. 

she told me that it didn't matter, she loved him and thats it, and i was being rude. i told her that i wasn't, i was just looking out for her and didn't want her to bear the brunt of societal expectations on who to marry.  i then asked her if she was marrying him to appease our parents.
 
at this point my sister blew up on me and began fuming that she was not a kid, she didn't need to appease anyone etc etc. at this point my mom told me(not her) to get out of the house.


later my sister told me never to contact her again, nor ever see her face or come to her wedding. she called me 'toxic'.

i was just looking out for her.",YTA
AITA for taking off my leg and making someone look dumb and feel uncomfortable?,"i (21f) was in a very bad car accident about three years ago. a drunk drive ran a stop light, cut off a semi-truck, which then crashed into me, sending me crashing into two different cars and then ultimately into an embankment. my car was mangled and my leg was crushed, completely destroyed, and it had to be amputated. i also lost a couple fingers (the tip of one and all of another). i'm also left with some gnarly scars that used to bother me but i'm learning to deal with them. i got a couple different insurance payouts and some pain and suffering money in addition to my medical bills being paid and with my money i purchased a custom-made leg to take the place of the one i lost. when i have pants and shoes on you can hardly tell unless you're really looking. i still limp but some days i don't have as pronounced a limp.

earlier today i went to the store with my boyfriend, my sister, her girlfriend, and our mother. i drove. i had to learn to drive with my left foot but i'm really good at it now. i also bought a new car with my money and had to go through a ton of therapy to get past my ptsd but i'm doing well there now as well. so, i drove us, and because of my injuries (in addition to my leg i also have chronic hip, neck, and back pain, and some issues with my lungs from the time spent intubated in a medically-induced coma that led to pneumonia) i have a handicap placard for my car. i have trouble walking without getting tired so it really helps to park close to the door. today i did so and unknowingly took the space from someone who was circling back around for it. apparently the man had been looking for a close space and had missed the one i took and went down and around. he was still on the other aisle when i pulled in so i didn't cut him off or anything and had no way of knowing he wanted the spot.

he parked in the yellow stripe zone and got out and immediately began confronting me about stealing a space from people who actually need it, how i'm just some kid who has no respect for those who are truly sick and suffering. he then ordered me to move. my group was urging me to just walk way but this has happened before and once the police were even called. i'm sick of people thinking that just because i'm young that i don't have a legit need for a little extra consideration. i said ""okay"", and went to the car and got in like i was going to drive off. i was wearing a skirt and leggings so it wasn't quite obvious at first but when i sat down i took my leg off and showed it to the man, including my stump. i then asked him if it was okay if i still parked there. he walked away calling me disgusting and rude and said i could have just told him and i made him look stupid.

my group was embarrassed and said that i made things awkward because there was a crowd. aita?",NTA
"AITA for being ""ungrateful"" of the cake my boyfriend made me?","i(33f) have been dating a man, “alex”(34m) for almost 3 years. alex has a 13 year old daughter from a previous marriage that he has full custody of. 

when we met alex was doing very well, he made 6 figures and he had a decent house in a fine neighborhood. i had a slightly lower paying job.  almost a year and a half ago, his job had to cut some employees and he was one of them. he had to take on a job and he earned much less than he had before. 

i moved into their house 5 months ago. since i moved in i have helped a lot with the bills, usually half or more of them. 

yesterday was my birthday. i wanted to celebrate at a nice restaurant near us, however it was closed. there was another one a little closer to us, although it was more expensive. i suggested going there for my birthday to alex, and he said that he couldn't afford to pay for dinner there and if we went we would need to split the bill. i was a little upset but he said he would make something himself. 

the cake i wanted was, admittedly, somewhat expensive. i pointed it out to him, and he said again that he didn't think he could afford it with christmas coming up and we'd have to go half. i told him i wasn't paying for a cake for my own birthday, and he said he'd see what he could do. 

well, yesterday came. he made dinner, and it was quite good, better than most meals we eat, although not as good as what it would be at a restaurant. however, when he brought the cake out it was just something he had made himself. 

he said he was sorry he couldn't afford the nicer cake but he had made this one and his daughter had helped. 

i pretended to enjoy it but after i told him that i was hoping for a slightly nicer cake. he said he had tried his best and he couldn't spend the money he had set aside for bills on a cake. 

i guess his daughter heard because now he's also saying that i made her upset after she helped make it. 

he keeps saying i should apologize to her and say that i really liked it. 

aita?",YTA
AITA for telling my boyfriend that he can't date younger and then get upset about my budget apartment?,"so i recently got together with a guy from my hobby, he asked me out first and i had some doubts that we'd work together as a couple because of the age difference, he's 35 and i'm 22.

so, in my apartment, since it's an old house that was originally a single family house, there isn't much soundproofing. and the floors creak when people move. 

i've gotten used to the sound of the guy upstairs getting up at 4 am since he starts work at 5.

and the sound of the girls in the apartments to either side of mine watching telenovelas till midnight, taking work calls all day and having friends over on weekend nights. 

i know when i play music or have friends over, some of the sound leaks through the walls. so i'd never get upset about hearing my neighbors because it goes both ways. 

so... when my boyfriend started coming over more often, he had complaints about the neighbors. which put me in an awkward place, he wanted to go speak to them or have me text them and i said no. 

for example, one of the early times he stayed over we went to bed around 10. he wanted me to ask my neighbor to turn down her tv. i said she didn't have it that loud and she turns it off at midnight anyway. 

at 4 am, he got very irritated with my upstairs neighbor getting up and cooking breakfast. i said that he would be done by 5 because that's when his shift starts. 

at 7 am, he was still trying to sleep in and the neighbor on the other side had some work calls that he said he couldn't sleep through. i offered him earplugs and he said he couldn't sleep with them in either, he wanted me to ask her to quiet down.

he had similar comments every time he heard someone else in the building just living their life especially if it was when he was in bed. 

i got frustrated with my boyfriend and told him ""you know, you can't expect to date a 'hot young' 22 year old and not wanna deal with a 22 year olds living situation! i don't know if you realize but this is a normal apartment for someone my age... hell, my neighbors are pretty great; nobody's throwing loud parties on work nights, nobody's having screaming fights, nobody's having babies!"" 

(the 'hot young' part was in sarcastic air quotes because those were his words not mine)

he got irritated and asked why i was bringing age into it, and i said it's because he can't both want someone so young and also want someone with house kinda money! and he was being so out of touch with how normal people in their 20s live.

he got really irritated with me bringing age into it, and even more annoyed when i'd respond to his neighbor complaints in the future with ""ok boomer"" or tell him that if he wanted me to have a ""rich person apartment"" he could pay for it. 

aita for what i said to my boyfriend about my apartment?",NTA
AITA for telling my friend to “man up” or not to come to my wedding?,"context: me (31m) and taylor (30m) have been best friends since forever. we were school buddies, college friends, my parents love him, we’ve vacationed together many times. taylor is a very affectionate person, kind, thoughtful guy.

three years ago me and anne (31f) started dating, and now i’m pretty sure she’s the love of my life. brilliant woman all around. we’re getting married next january.

the conflict: after a long and thoughtful conversation, my fiance voiced her concerns about inviting taylor to our wedding. basically, she had two main reasons for asking him that: 1. dress code: taylor is a 30 year old punk. he wore a dress to our prom. you know , that kind of guy. 2. taylor is dating a guy. which is not the problem. but his partner is also very flamboyant.

anne wants a very minimalist, quiet, calm, wedding, because she struggles with anxiety and adhd. so, that was her request.

i talked to taylor the next day, and i told him about anne’s concerns. tay said “do you think i’m gonna show up in a white dress?” and laugh about it, but i told him he needed to promise he would respect the dress code. black tuxedo for the guys… that was the code.

i got a little caught in the moment so maybe i was harsher than i should’ve been. i told him to ‘man up’ and to ‘act his age'. i said some stupid stuff like ‘people laugh about you, you want to be a joke?’.

he said “sure, no problem” and the next day he declined the online invitation. he keeps telling me “we’re good” and everything is okay, but the situation it’s bothering me.

i love tay, but i know he can be difficult. my group chat with my family is burning because they don’t understand why he will not be there, and our friends' group chat is dead since the news dropped.  aita?",YTA
AITA for buying my gf a blender instead of the necklace she wanted for our anniversary?,"before i start i’d like to say that my gf and i are both women. we are lesbians. i say this to hopefully preempt the ‘typical man’ comments. 

this happened last month but my best friend and hers are still giving me shit about it. we had our one year anniversary. i asked what she wanted and she told me just something romantic, a little necklace or something cute. while browsing around on amazon i found an emulsion blender and it pinged in my head. my gf loves cooking and always talks about all the gadgets she wants. plus she made homemade tomato sauce and i remember her complaining how hard it was to make the sauce smooth cause she didn’t have an emulsion blender. i’m a very practical gift giver, i like to give things people will use so i bought it and was super excited to give it to her. 

the day rolls around and she gives me a bottle of whiskey i’ve had my eye on for ages but could never justify the cost. i was so hyped and encouraged my gf to open hers. she opened it and her face kinda falls and she goes ‘oh… an emulsion blender…?’ and i told her i remembered her talking about all the kitchen gadgets she wanted and was so excited to give it to her. she kept her cool but told me while she appreciated the thought she was a little upset that it wasn’t jewelry. i was confused so she explained that she felt anniversary’s should be more about romantic/sentimental gifts versus practical, that she appreciated it greatly but couldn’t lie to me that she wished it had been the necklace she pointed out to me online (it was nothing fancy, a $30 mushroom necklace). i shared my woes with my friend and my friend thought it was hilarious that i was so inept, and that he understood why my gf was upset with her gift. gf’s best friend also got wind of the situation and has been ribbing me with telling my gf to get back to the kitchen jokes etc. my gf and i are fine but i know she was disappointed, and she ended up buying the necklace herself a week after i gave her the blender. so aita for giving my gf a practical gift versus the necklace she wanted?",YTA
AITA for bringing up an embarrassing story?,"a week ago i went out with friends and one (john) got so drunk they couldn’t walk. my friend was going to uber john home but i said i’ll let him sleep at my place. 

when we got to my apartment john got out of the car, fell asleep in a puddle when it was raining like crazy. i had to drag him inside. i leave him there and he’s twitching his head and can barely move. he was dead weight. i went into another room and he peed himself. 

the next day john was extremely embarrassed. he said he was sorry he was a burden and thankful i took care of him. he made me take $50 to buy cleaning supplies and bought me breakfast then uber to his car. he cleaned up too. 

i didn’t see him since until a friend had a dinner party. at the dinner party i kept saying “john had an uh-oh the other day, john why don’t you tell everyone” then he kept saying no and this isn’t respectful of his boundaries to keep pushing if he said no. then i showed everyone a video of john twitching and passed out because i thought it was harmless and funny. john was like this isn’t the place and then i was like john tell everyone what happened. 

the next day john texted me “listen sorry i was a burden, but i didn’t intentionally do that. i think it was unnecessary and cruel you tried to humiliate me at a dinner party with all our peers” then blocked me. i didn’t think it was a big of a deal as he made it. 

aita for sharing an embarrassing story of a friend?",YTA
AITA for telling my husband he is either married to me or his co-worker?,"my (37f) husband (40m) has been working at his company for 10 years as a maintenance supervisor. about a year ago they hired tabitha\* to work in their accounting department. since the day she first started working there, she has had an infatuation with my husband that is now becoming unprofessional and inappropriate.

this started when the heat went out in her office. my husband's job as supervisor is to assign tasks to his employees, however, she is never satisfied with the work they do, even though he says that they do great work, so she demands he work on her office. she constantly calls him on his work phone for mundane things (carpet is loose in a corner, loose screw on her coat hook) and he goes and fixes them without issue. 

last year when we went to the company christmas party (pre-plague times) she was very flirty with him, constantly grabbed his hand. when he introduced us she just grinned at my and said ""look there's peter,"" and grabbed his hand and walked away. when we sat at the table she damn near pushed me out of my seat to sit next to him, and my husband told her to get up that it was my seat. she walked off in a huff, and when she saw me in the restroom she shoved past me. i told my husband what happened and he said it was fine, that she was harmless. i told him that she was not fine, and that she clearly had feelings for him and she was acting like a jealous girlfriend. 

the past few weeks this has ramped up to an astonishing level of inappropriate. she recently moved into a new house and my husband and some of the other guys from work helped her move and put things together. he gave her his personal cell phone number, and she has been calling and texting non-stop about things she needs help with. multiple times a day at all hours of the day and night she will call and text him for help. last night at 2:00am she called about her heat not working right. my husband said he would go over and look at it after work. i broke down. i told him he was not going, that she could call a technician like everyone else, and that he is not her personal maintenance man. 

i told him very clearly that she has feelings for him and he is so dense he can't see it. i told him that while it is nice to help on occasion, she calls him all the time asking for help with things that she can do on her own (move boxes/furniture) or pay to have a repair person come and fix. i told him that once he gave out his personal phone number that he crossed a line, and i am not comfortable with it. 

he said that this will most likely be an easy fix and it won't take long, so i cried and told him that he can either to be married to me, or married to her, but i wasn't going to be the third wheel in my own marriage. 

he says he does not have feelings for her and that i am overreacting to him just wanting to help a friend. i feel otherwise.

aita?",NTA
Aita for telling my brother he got exactly what he deserved when he pushed his girlfriend away for being a “gold digger”?,"my brother is a very hardworking man and at 27 he is now very wealthy and doing well for himself. he’s been with this girl for six months and throughout the time we have gotten close because we both like hair, makeup, and shopping. i never knew there was anything wrong with their relationship except when she texted me last week i saying she would love to hang out but thinks it’ll be inappropriate because her and my brother broke up. i asked her why and she said she was sick and tired of “auditioning” to prove she was with him for the right reasons. she went on to say that my brother is paranoid she’s after his money so he would test her like 1. leaving out his bank statements on their bed and getting upset when she picked it up 2. going out to eat at high end restaurants he requested and leaving his wallet on home at purpose to make her pay the bill and prove she’s not going out with him for money 3. never buying her gifts and questioning her when she asks why he doesn’t. 



i was shocked so i had to hear my brothers perspective. we spoke and he told me everything she said was true and that there’s nothing wrong with making sure his girlfriend is with him for the right reasons. he said he left his bank statements on the bed and was peeking through the door to see if she would be curious and when he saw her pick up the papers he knew in his gut she was using him for his money, so he set up the restaurant idea to see if she would get upset at paying a 500$ bill which she was. i asked him if he thinks her being an elementary school teacher could’ve contributed to her being upset at a 500$ bill at a restaurant he wanted to go to and he said no. he said the straw that broke was when she asked him why he hasn’t bought her a single gift since they’ve started dating when she bought him a gaming console and new rims for his car and he knew she was just discretely asking him to buy her an expensive gift. 


he confronted her and said he thinks she’s with him for his money so she said let me do us both a favor and dumped him and blocked him. he’s upset about the “gold digging bitch” and when i laughed he called me an asshole. he said i would never understand what’s it’s like being a rich man and being used and i get that concern, but i told him if he thinks any woman will be okay with his tests and auditions he’s delusional as hell. if he doesn’t want to be used for his money he should start dating people as wealthy as him or leave lower income people alone if he’s not going to be genuine in his relationships unless they pass his “test”.",NTA
AITA for expecting my gf to pay her share of the rent?,"my gf and i have been dating for a year and we want to move in together. we want a 2 bedroom 1 bath apartment or townhouse near my work. i’m a 2nd year pathology resident and my residency is 5 years long. she works from home and wants an office. she also makes 120k and i only make 68k. so our rent is $1800/month + utilities and she wants to go half on both rent and utilities so we would both pay roughly 1000 a month. 

because she is using one of the rooms as her office i feel like she should pay more so i should pay $700 and she should pay $1300. she thinks even if she is using an extra room because living near the hospital is very expensive i should pay half because we could get a cheaper place if i don’t live near work. she thinks is because we are paying more to live near my work so i don’t have to pay for gas i should pay half for rent. i find she’s being selfish because she makes much more than mean, and once i complete my residency i can easily make $350k a year or more. 

but according to her it’s not fair for her to wait 3 years to “potentially get paid back” because we could breakup and she would have “subsidized” me. to me if she isn’t willing to pay a bit more to put some skin in the game she’s being a gold digger and waiting for me to make bank without giving anything in the first place. we argued about this a few times and i just want to know if i’m crazy in my thinking or she’s being selfish.",YTA
AITAA for taking my niece to court over a coat?,"i(28f) have a niece (16f). she is my only sister's only child.

2 years ago i married a very wealthy man (34m), and because of the pandemic, last christmas was my first with my in-laws.

my mil gifted me a coat that is worth more than $20k (i saw her wearing it, asked her where she bought it, and she said that it will be my christmas gift from her).

i didn't know how much it was (i knew it was expensive, but i thought maybe $3k at most). i was visiting my sister last january when my niece saw it, she googled the brand and showed me how much it really was. i won't lie, i didn't wear it after that because i was afraid of ruining it.

last week, i wore it while visiting my sister. while i was putting it back on to leave, i felt something go *splat* on my back, then my niece started cackling and the smell of paint hit me. i was so pissed off while she was not apologitic at all. her mom screamed at her and said she was grounded. then she said she will pay for the dry cleaning.

while i was in my car, still in shock btw, i got an alert that my niece posted a reel, it was of her *doing a prank* on me, and she said ""i'm going to hit my aunt's $20k coat with a paint filled balloon to see how she reacts"". i saved it on my phone, sent it to her mom and told her that a week's grounding is not enough. she did not reply, but i saw that my niece took it down (it got less than 5 views by then).

the next day i found out my coat can not be saved, so i called my sister and told her that her daughter has to pay it back. well, we got into an argument and she said that they will not be paying it, and if i wanted a new one, i should get my husband to buy it for me. i think that they should pay for it (they can afford to, imo they should sell my niece's car and pay me back my money). 

we did not reach an agreement, so i told her that i will be suing, and reminded her that i have video evidence that her daughter a) did it on purpose for online clout and b) knew exactly how expensive it was.

people in my life are not objective at all, i have some calling me an ah, some saying they are the ahs for not buying me a new one, and some so obsessed with the price of the coat that they are calling me an ah for simply owning it and wanting a new one.

so aita?",NTA
AITA? For suggesting that my wife switch to Formula so I could have more time with our son?,"hey y'all. read carefully before giving judgement!.

so my wife (f24) and i (m27) had our son 3 months ago. luckily as new parents we've had less issues compared to others in our family but what really created an issue was the fact that my wife gets wayyyy more bonding time with my son than i do. she breastfeeds and doesn't let me come anywhere near her while she's doing it claiming she was already in pain and i was making her stressed out with my behavior. she'd promise to let me have my bonding time once she's done but she takes a long time feeding and then the baby goes to sleep so i get pretty much,...almost, no time to bond with him.


it all came to head for me last night after my wife told me to leave the room while she was feeding our son cause i was '''bothering,,, her and making her feel '''stressed out,,, with my ''""judgemental,,, comments but i was just making sure she was feeding our son properly since she's dealing with stress and possible ppd and so i had to **(not under doctor's recommendation though but following my mom's advice)** be present in every feeding session to make sure nothing goes wrong and...like i said before maybe get a chance to bond with my son but it didn't end well and i refused to leave the room. she tried to unload on me about how unsupportive and difficult i was being but i told her she was wrong to exclude me and take away my attempt at bonding with my son and that it's only fair that i get to have equal time she has with him and suggested that she switch to formula so she has no way of keeping me excluded and again so i could get 50% of the time she has with him. she called me unreasonable and explained that even though i'm the parent too she as a mother is essentially what our son needs and relies on so her role is more important and she gets more time than i do simply because she's the mother. .....then she explained that my request was ridiculous because she is blessed to have almost no issues with bf and switching to formula was absolutely uncalled for and can not be afforded right now but i disagreed and argued that she left me no choice and that she needs to respect whatever decision i make regarding our son even if she doesn't like it and doesn't necessary agree with it but she argued back saying i'm delusional to think she'll just switch to formula to fix my hurt '''feefees,,, and even accused me of making this request so mom could meddle in and start feeding our son formula and have sleepovers since she was against her breastfeeding from the start due to how weak she was before. this really had me...kind of...lose my cool ngl. i told her that couldn't be further from the truth. matter fact, i strongly believe her refusal to consider switching to formula is mainly to spite mom not because she thinks my request was '''unreasonable,,,

long story short, we kept going back and forth on this argument and she told me to drop it but i refused because in my opinion she's being selfish by how she's treating me as the other parent.",YTA
AITA for refusing to get on a flight?," my boyfriend’s parents paid for them, my boyfriend’s siblings and their so to all go on a flight to cabo for spring break. becky his mom hasn’t seem to like me for some reason she always makes snide remarks about my parents blue collar jobs and my field is nursing. 

we get to the airport and becky got 7 other people first class tickets and me 1 coach ticket.  she told me i was used to it and she had a free coach ticket so i should be grateful for going. they all did their express check ins and left me in the long line for me to think about what the heck is going on. i had to keep from crying the whole time in line. i got up to the counter and there was a baggage fee to me. my boyfriend at the time never once helped me through the coach line or said anything to his mom. i looked over at his mom’s smug face as i was about to pay the checked baggage fee. and i let all of my frustrations out on the attendant and started crying. basically she said don’t go with that family sweetie they don’t appreciate you. continues to cry and took my luggage and got out and got out of line with the super sweet check in woman. i was so upset on how i was treated and started crying on my boyfriend in the airport about how his mother was treating me. 

i broke up with him at the airport and his mother was so embarrassed. i told her what a bitch she was. my boyfriend has been blowing up my phone saying how could i do that to his mother and just back out of a vacation very last minute and wasted everyone’s time and money.",NTA
AITA for faking sleeping all night to see if my wife is lying?,"the past couple of months, my wife has been complaining about our cats. she’s been claiming that the cats wake her up constantly and that she’s frustrated every night that she “has to get up and open the door for the cats” or “the cats keep making noises” or “the cats keep jumping on her.” it got to the point where she started saying she wants me to get rid of them. i told her i’ve never seen or heard any of this, but she claims i sleep through it all.

she kept telling me she was getting less and less sleep and kept acting aggressive, blaming lack of sleep from the cats, and that if i didn’t get rid of them, she’d leave me. i legitimately started considering giving the cats to my sister, until i noticed something.

one morning she claimed she had gotten up multiple times throughout the night to help the cats. she listed a bunch of times. i thought it was weird, because i had been up until 4am, and she claimed that she “got up at 1am to open the door for them, and a few times around 3am because they were meowing and jumping on her.” i was in the bedroom the entire time while she slept, and i know none of that happened. things weren’t adding up, so i decided to run a test.

i waited until she said she was going to bed, then i let the cats out of our bedroom, lowered my phone brightness, and faked going to sleep. i just laid there in bed for the entire night, bored, but i definately did not fall asleep. i made sure to make timestamps every 30 minutes on my phone through discord just to be sure. i marked down every noise my cats made. one cat had jumped down from something and made a little sound at 3:18am, and one ate food relatively quietly by the bedroom door at 4:57am. other than that, nothing happened.

sure enough, my wife slept from 11pm until 9am, and that morning she claimed she had woken up “at least 7 times” to open doors and from cat noises and cats jumping on her. at this point i was pissed because she was clearly lying to me. i was exhausted and fed up with the lies, so i just bluntly called her out on it.

i told her, “that’s funny. i stayed up all night to monitor the cats, and they weren’t even in the room at all last night. i have timestamps and everything. so you’ve been ***lying*** to me and trying to convince me to get rid of my cats? why?” she just sat there quitly shaking and looking pissed, then got up and left without answering. she came back hours later and ignored me whenever i talked, and when i asked her how **i’m** the bad-guy in this situation, **she finally said that i was treating her like a child by lying about sleeping and staying up all night just to see if she was lying or not** and that making timestamps and everything as if i was an investigator was “going too far” and makes me an obsessive asshole.

i did it because she was threatening to make me get rid of my cats or she’d leave me, and her claims didn’t add up.

so, am i an “obsessive asshole?”


**",NTA
AITA for not giving my daughter a letter my deceased husband wrote for her before he died?,"in january of 2019, my husband was diagnosed with a brain tumour. it was in a completely inoperable part of the brain, and was told me had six months to live. he stuck it out and died in october, three months longer than he was expected to. he was always positive, and decided a few weeks after his diagnosis that he would write letters for our daughters for significant events in their lives. my husband was my soulmate, and the past few months have been difficult knowing i’ve lost him 

we have two daughters, mia who is 21 and imogen (immy) who is 19. all three of us have become a lot closer since their dads death, and we’ve all really struggled. my husband and i were together since we were children, got married when we were 18 and we were approaching our 20th wedding anniversary when he passed. 

in february of this year, mia got married to a boy she’s been with for about 6 years. i absolutely love her husband and he’s been incredibly supportive during all of our grief. my husband wrote a letter for mia to open on her wedding day. it’s worth noting that my daughters were unaware of these letters, it was my job to give them to our daughters. 

her wedding day comes around and i just can’t bring myself to give her the letter. i read it and just wanted to keep it to myself. i had his handwriting and his words and it felt like he was there, and i couldn’t bare the thought of giving that up yet. i was fully intending on giving her all the other letters as the events happened. 

last week mia and her husband bought their first home together. they’d been living at our home since they got married, and so had a lot of stuff to pack and move to their new house. mia asked me where her important documents were, passport, birth certificate etc, so i told her they were in my top drawer of my dresser in my bedroom. the only letter that was in there was the one i was meant to give her on her wedding day, the rest were hidden away. 

she immediately recognised his handwriting and of course it was addressed to her, so she read it and broke down. she came and found me and started screaming at me asking how i could be so selfish. i didn’t really know what to say apart from the fact that i wanted to keep it and she could take a picture of it. both my daughters called me an asshole and are convinced i’m keeping them from a load of their dads stuff. aita?",YTA
WIBTA if I chose to stay home with my husband rather than go to my daughter's wedding?,"my daughter (28f) is marrying a woman (28f) and my husband and i have been trying to be as involved as we can be without violating our conscience or who we are and what we believe. ever since our daughter opened up to us about her relationship, we've been staying open-minded, praying, communicating with her about it, asking questions, researching, welcoming the girlfriend into our home and getting to know her, attending online therapy with a lgbt counselor that our daughter paid for, and just overall trying to be a loving presence in our daughter's life. it's a process and my husband and i have come a long way from where we were, but sometimes we still come across these, what our therapist calls, ""blocks of resistance"" that hold us back from supporting our daughter in the way that she may want us to, in that moment.

and what i really appreciate about this counselor is that she takes our situation into account as well and is willing to speak up for my husband and i. a few years ago, when our daughter wanted us to attend a gay parade with her, we were hesitant and our counselor stood by us by telling our daughter that it was ""too soon"".

but other than the gay parade, things have been pretty smooth up until now. my husband has drawn a hard line about attending the wedding. i was sort of on the fence about attending, but i decided to stick with my husband. our daughter is pissed. at our last therapy session together, a week ago, our daughter said that if we didnt come to the wedding, all the work and progress that we had made would mean nothing to her, and that she would not want us to be a part of her life.

again the counselor spoke up for us and told our daughter that everyone had their hard boundaries (boundaries that they would absolutely not cross) and that instead of making ultimatums, it would be better to consider the overall picture rather than letting one moment be the deciding factor of the relationship. [i'm paraphrasing, she said it much better, but i think i got the main point].

the counselor talked to me privately afterward and told me how her parents hadn't came to her wedding, and they eventually made up thirty years down the line, but that was thirty years of memories that they both had missed out on. yet, when she talked to her parents about it recently, they said that even as much as it had hurt them not to go, they would have made the same choice because it was just something that they strongly disapproved of. she ended by telling me that she wasn't going to tell me to go or not to go, but to really consider all the pros and cons.",YTA
AITA For asking my GF to pay for a new prosthesis?,"i (m24) had an auto accident over 2 years ago that resulted in a left leg knee amputation, i thought that would been the end of my active lifestyle, i loved all kinds of sports as a kid and i still do.
i had a very hard time adjusting to my new normal, my parents were able to get me a prosthetic leg that allowed me to get back to running and going trips with my friends like we always do every summer.


the guys were planning an rv trip on the weekend, we had already chosen a destination which was spending some time out in nature and getaway from stress.


my girlfriend asked if she could come along, i told her no, this is a guy's trip, told all my buddies' girlfriends wanted to go but they were firm and put their foot down, she laughed at me for this then tried to convince me to let her come cause she was feeling stressed out from being at home 24h, i already made up my mind, i wasn't going to ruin the trip just because she wants to be on a guy's trip, i promised her a trip when i get back, she got upset and didn't like the idea.

later on, before i went to sleep, i took my prosthesis off as i do every night, this is my second prothesis, i've already completed a wearing schedule during first year and had to get another prothisis to accommodate any physical changes i had.

i woke up in the morning and i couldn't find my prosthesis, i looked where i put it but it was gone, i asked my girlfriend who was doing heavy cleaning around the place, and she said she didn't see it, i was confused it was near my bed, i asked her to stop being childish and playing games and give back my prosthesis because i knew she took it.

she's a bad liar couldn't even deny it, she said she wanted to hide it so that i won't go on that trip and leave her alone. i got mad at her for this, i was stunned to find my prosthesis hidden underneath an auto part in the garage, it had been damaged, it was placed in a possession where it had a crack, it was abvious it no longer functions properly, i mean i could still wear it but can't put my whole weight on it cause it would break.

i yelled at her and showed her what she did, she said she didn't mean it, i told her she did mean it because she was being childish and jealous over a trip and now she caused me 7000$ worth damage, i told her she ruined everything, that she owed me a new one and that she needed to pay for a new one.

she got mad and left, i basically had to use my old crutches it felt absolutely horrible, i called the guys and told them i wasn't coming, it's been a few days, she's mad that i'm still asking her to pay for a new prosthesis and called me an a**** for not apologizing and preferring a ""plastic leg"" over her.

i had to call my parents today to tell them they told me she should at least help pay half the expense of a new prosthesis since she caused damage to it, and then consider my relationship with her.

have i been an a**** to her ?",NTA
AITA for being upset with my son for finding a job without telling me?,"
my son is 18, he is going to be attending community college and is living with me, my husband and his 2 younger half sisters.


the other day i found out that he found and accepted a job without telling me. i was upset with him about it and the reason for that is that first of all, he should've told me since we live in the same house and also, and more importantly now i'm left without someone to stay with the girls from 3 to 8 where my shift start-ends. my son is usually the one to stay home with the girls and his new job is during these hours so one way or another we are impacted.


he told me his friend found him this job and it just happened - but i don't think it did because he knew he had to give up staying with his sisters while i work. my husband travels most of the time (he's a pilot) and paid child care is a no for me. my son said i shouldn't be surprised by him trying to work to save money to be able to pay for himself but that is just absurd since he literally lives with us without having to pay for anything except for his own entertainment. he said he needed the job and he wasn't reallistically going to stay and watch his sisters for days on end especially he doesn't get paid for it. we kept arguing and my husband got involved and he too was upset saying that my son had no respect for us. my son basically had a ""like it or not"" attitude with us and kept refusing to discuss this wirh us saying we have no right to be upset with him and should just accept it. but i'm just...i think that he's being inconsiderate of my husband's and i's struggle to provide for the family as a whole. this should mean something to him but he acted selfishly.


eta okay, it seems that i did not mention the reason why the babysitter option isn't ideal and is because my daughters don't want a babysitter. they're both dealing with some issues and are unconfortable being with a stranger at home. besides that my son decided to stay with them and we didn't ask him or anything.

eta okay, some of you here are implying or suggesting that i'm making my son to be the girls' babysitter but that is in fact not true. he doesn't do much for them, just stays home with them while he studies or plays video games. he adores his sisters and only stays with them when he wants to. otherwise we wouldn't force him. also, my husband said the girls are too young for therapy and i agree with him on that.",YTA
AITA for wrapping a fake present for my kids?,"i have two sons from a previous marriage ages 8 and 9. i've had full custody for the last three years and it's just the step mom and me now. their mother is no longer in the picture.

they were so excited about christmas last year. there were many presents for them under the tree from the grand parents and us, and they were constantly checking them out trying to guess what was in them. 

they could hardly wait for christmas day and begged us to let them open some presents early. so we allowed them to open one present that was gifted to both of them. it was the heaviest package under the tree and you could feel their excitement when i told them they could open it on christmas eve. they tore into it like a couple savages. i'd wrapped it very well to make it take a little time to get at the goods. 

as the final paper was ripped off the present, the oldest was going like ""it's a..it's a"" and the final paper came off, ""brick"". i thought it was hilarious. the looks on their faces was priceless. unfortunatly they were somewhat upset, tears were shed etc. so we let them open one more present to calm them down.

am i the asshole for wrapping a brick as a present?",YTA
AITA for saying it’s a little embarrassing that a girl’s nanny puts little notes in her lunch,"so, this girl, nicole(16), started going to my (16f) school after winter break. she’s a little weird tbh. she doesn’t talk a lot and when she does talk, she’s so quiet that you can barely hear her. 

she used to eat in her car but one of my friends felt bad for her and invited her to eat with us. i noticed that all of her lunches had a little piece of paper and she’d read it, smile for like 2 seconds, then fold it up and put it in a pocket in her lunchbox. sometimes she’d take it out and read it a couple times during lunch.

i eventually asked what it is and she said she has a nanny and she writes her notes every day. i asked if she thinks that’s a little embarrassing because i don’t know anyone who’s had notes in their lunches past 5th grade. 

she got kinda defensive and said that her nanny does similar things for her siblings, who are all in preschool or elementary school so it kinda proved my point. 

she started eating in her car again and one of my friends got mad at me because apparently she had a really bad home life before moving here and she’s never had anyone do that stuff for her. idk how tf she expected me to know, considering she usually only talks about school but it’s starting some drama in my friend group so i wanted to know if i was the asshole.",YTA
WIBTA for running away on our honeymoon?,"(not from my husband)

my husband and i are on our honeymoon. his parents gifted us a week in an all inclusive hotel at no cost to us as a wedding gift, and we were really grateful. on arriving we found out that they'd also booked a room at this hotel for themselves for the whole week and want to do group things. outside of this, we see them maybe 2 or 3 times a year for a couple days at a time as he finds them a bit overbearing at times and they don't really like me.

it's not like they're in the room next door or anything and we can still do stuff in our room alone but they knock on our door regularly, waking us up at 6am, making us get all 3 meals a day with them. we've tried telling them we wanted ""alone time"" for our honeymoon and they shrugged us off saying that's what our room is for. we also tried faking illness to get out of eating with them and they just got room service to our room and sat with us while we faked stomach aches. my husband snapped earlier and said this whole thing was way over the line and they had no right intruding on our honeymoon of all things, and they told us that they paid for this whole thing and that as adults we're allowed to take holidays at the same time to the same place.

we've been talking and we saved up to pay for our own honeymoon before they surprised us. we still have the money we would have spent in our joint wedding/honeymoon account. there's another town we wanted to go to on our honeymoon and we looked it up and we could get tickets from here to there and then back home for less than £60 total. we could also book a few days in a nice hotel for about half of what's left in our wedding/honeymoon fund and use the remainder of the week we booked off in another town without his parents knowing we'd left until we had.

it's 9pm now, there's trains from here to the other town every hour, plus more half-hourly trains tomorrow.

would we be the arseholes if we ran away from his parents without telling them?",NTA
AITA for telling my sister that she chose the life that she has and she shouldn't complain about it?,"to start this off, i'm going to give you some context as to what she did and why i don't pity her. i (28f) have a sister, caitlin, who is one year older than me. growing up, we were dirt poor. our family nailed almost every single southern hillbilly stereotype on the head. we both did decently, but neither of us had ever considered college. 


caitlin graduated high school first and got a full time job immediately. she began to help with bills, but at some point began thinking about maybe going to school. i was having the same thoughts a year later when i graduated. well, what we hadn't known was that when our great-grandma died, she left my dad all that she had which came up to a sum of a couple thousand dollars that they decided to save for us. and because cait began talking about maybe going to school, mom began to save her bill money to add to the sum of the money. unfortunately, it still wasn't a lot, so our parents sat us down and explained that they had money for only one of us to go to school and that they would have to think about who to give it to. 


i was prepared to fight for this chance, because i realized this was my chance to better myself. i was ready to do whatever it took, but i didn't end up needing to because cait gave up. 


i guess caitlin realized she wouldn't be picked because i had better grades and was more well-liked because mom told me later that day that she had backed down and said to give it to me.


so fast forward, i got my bsn and work as a travel nurse. i do very well for myself and live an 2hrs away from my hometown. i went to visit my sister because she's pregnant with my nephew and i missed her and brought some gifts. we had lunch and were just chatting about what we were up to when she began to complain and whine that she was tired and asked if i didn't mind if she vented. before i could answer, she started talking about how she was tired all of the time from her shifts at work and then having to come home to her kids and her husband. it sounded a lot like she was regretting her life and after about twenty minutes, it was starting to get on my nerves. she would not stop or change topic. 


finally, i lost it and told her that i wasn't here to listen to her complain and that she really shouldn't complain about the life she chose. i told caitlin that if she didn't have to get married or have a low paying job, and if she had wanted to better herself, she should've fought harder to go to college instead of giving up before she even tried. it ended in her crying, which i felt horrible about, and then she went home without saying anything else. i tried apologizing for how i phrased it, but not for anything i actually said because it was true, but she won't accept it. our parents have been giving me the cold shoulder and i feel lost because they won't listen to my side of why i said what i said. aita here??",YTA
AITA For walling off my backyard because I dislike 2 kids and depriving everyone else as a result?,"i sure feel like ta but i don't think i am so help me out here.

i live in a non english speaking european country and because of history that means land borders between properties are sometimes very weird. well that is the case with my house and the neighbors, all our houses are about the same size yet out of all the land behind our houses my area is huge i own like 90% of all land there reaching all the way to the woods far behind our houses, meanwhile all my neighbors essentially got tiny strip right behind their houses.

now the part right behind my house is fenced off yet the rest is pretty much open and my wife and daughters like to use it for gardening. 

the field is used by most of the neighborhood boys to play football on as it is the only flat piece of grassland around they always ask for permission to use it before hand and i always allow it on the condition i get no complaints if i tell them to leave and they don't litter. 

i also recently had a pool installed to the far back of my property and fenced it off, this is important later.

well this is where the issue starts, recently a new family moved in and they seem to think it is public land. i kept catching their kids running around through the flowers and vegetable garden and they even moved their grill on the field and held a picnic on my land. i keep telling them off and informing it is my land, but they just ignore me and the kids sometimes wont leave when i tell them to. a month ago the kids even climbed over the fence around the pool  and when i got them out and went to their parents they just said ""oh we figured it was a public pool"", i had hoped that was the end of it yet these people build a fire pit in the 3 days i was away from my house and when i got back i found it with a bunch of empty beer cans around.

that was the last straw for me and i hired a company owned by a buddy of mine from when i used to do construction work, bought all the supplies, and 7 days later and a lot of money lighter my entire property was walled off and whenever anyone asked i told them why i was doing that and who they could thank for it.

well now the new family is treated as if they are a pest and all the neighborhood kids are gutted they lost their football field which has resulted in them picking on the new neighbors kids

i honestly feel pretty terrible, but i also feel like i gave them plenty of warnings before taking drastic actions.",NTA
AITA for doing the same thing to my sister-in-law that she does to my son?,"so background: i (32f) have a brother, ""dave"" (35m), who's married to ""sarah"" (29f). they don't have children yet. i have a son who just turned four and a three-month-old daughter with my husband (39m). my husband and i live in belgium most of the time, but we travel back to visit my family about once a month (in england). at home, we speak both english and french to our children (my husband is belgian), and right now, my son is in this very sweet phase where he'll sometimes mix up the two languages and say a couple of words in english in a french sentence or vice-versa. this has never posed a problem to us, and even the staff at his nursery have reassured us that it's very common and they tend to grow out of it once they start at school.

my sister-in-law has decided that this is a problem, so when we're visiting my parents and she notices my son doing this, she'll correct him, but she does so really rudely, whereas my husband and i will just gently correct him.

anyway, we're visiting at the moment and she's now decided that instead of correcting him, she's just going to start ignoring him when he does this. i sort of noticed her doing it when we arrived, and i thought it was odd, but assumed maybe she was just stressed (her job is quite intense), but it only really became an issue yesterday. my husband was talking to my dad outside and i was feeding my daughter in the other room, and i'd left louis with sarah and dave. when i came back downstairs, louis was crying, and i managed to understand that he'd tried to ask sarah for a drink (he has a special cup he uses that he was holding, so it was obvious what he meant) but that she'd just ignored him. i asked her why and she explained that she wasn't going to reply to him unless he said the sentence correctly and that i shouldn't be ""ignoring my son's obvious speech issues."" for context, it's not that she didn't know what he wanted. she told me that she understood exactly what he was asking for, but that she was deliberately refusing because he hadn't asked correctly.

this really pissed me off, but luckily my husband came inside at that moment and pulled me away so we could calm down and settle louis. that night at the dinner table, sarah asked me to pass her something, but she said it in ""bad"" english (she is english, i just mean that she asked for it in slang. think, ""pass *us* the peas, will you"". i had a bit of an epiphany and i just decided to totally ignore her. she asked again, and i did the same thing. my brother asked why i was ignoring his wife and i said that i'm not able to reply if she can't speak english correctly and that it's wrong of him to ignore her obvious issues with grammar.

everyone's pretty pissed off with me and i admit it was incredibly childish, but she was needlessly being a dickhead to my baby.

should i just apologise?

**",NTA
AITA for telling everyone exactly why I'm getting divorced?,"my ex and i have one child together. we found out during my pregnancy that our child would be deaf, and wouldn't qualify for the surgery that some deaf people are able to get due to a combination of problems. while the external issue is a fluke, the internal issue is apparently something that i always had a 25% chance of passing down to a child. 

not to toot my own horn, but once i learned this, i made an effort to start connecting with the deaf community in my area and learn asl. he did not, and while he stayed for the birth, he moved in with his brother right after dropping me off at my home. i own the house, and did before i met him, so it's not part of the divorce. he was nice enough to give me 2 months worth of a cleaning service and a gift card to grubhub. 

he ended up telling everyone that i am the reason he doesn't see our child, and that i filed for divorce because i overreacted.  the truth is that i have sole custody because he cried, in court, that he couldn't ""deal"" with the baby and wanted to just pay support. while i did file, it was because he abandoned me and said so many horrible things that i couldn't get over. 

i have text messages he sent me which say that he wouldn't have married me if he knew that we would produce ""problems"" and that he couldn't handle raising a ""r******"" (the only thing wrong with her is hearing). i don't want my child to grow up in a home where she's hated. 

i was starting to hear all sorts of crap from my family and his, who started to take his side because divorce isn't really a thing here, so i took action. i made a social media post publishing the text messages so that people would finally see the truth. i'm now getting calls and messages for ""making a private issue public"" and ""parental alienation"". aita?",NTA
"AITA for teaching my (20M) niece (4F) to say ""el chupacabra""when her mom (32F) says ""you know what really gets my goat?""","uh basically title i guess. my sister has a habit of saying ""you know what really gets my goat"", she probly says it 7/8 times a day. so like that tumblr post i taught my niece to say ""el chupacabra"" when her mom says it (it sounds more like ""eh supacaba"" tho cause shes four but its adorable). i told my niece it was a monster from mexico that eats goats and she didnt seem scared or anything, probly cause the only monster she knows is cookie monster, but apparently now my niece walks around the house saying ""el chupacabra!"" all day and now my sister &amp; brother in law are mad at me for teaching her this, but imo its kind of adorable and also harmless?? but like shes my sisters kid so idk.",NTA
AITA for searching my husband's pants without asking him first?,"

context: my husband [33] used to be unemployed for a year, he recently started a job at a warehouse. 

yesterday, and while i was about to do the laundry, i grabbed his work pants and digged my hand in it's pockets to empty them before putting it in the washing machine like i  always do. 

my husband just happened to walk by and when he saw me searching his pants pockets. he rushed in yelling at me to put his pants down. i already had a folded piece of paper out but he snatched it then started screaming at me about how i have no respect for his privacy and that i shouldn't be getting my hands on his things. i was genuinly dumbfounded i told him to take it easy i alwaye do this before laundry. he lashed out saying i had no right and should've come to him and asked him first because he was worried about important documents getting lost like the one i pulled out. i said important documents shouldn't be inside his pockets and asked to see the paper but he said he won't show me. i asked why and he said i don't get to ask him jack shit after i disrespected his privacy. i almost laughed because what privacy does he have in pockets? it wasn't like a stranger was digging into them. 

he refused to speak to me and later brought a new closet with a lock and moved his clothes inside of it. i asked if he was serious and he said this will teach me to respect his privacy and deter my snooping. then went back to not speaking to me.


i'm genuinely confused, aita?",NTA
AITA for telling my family they can’t use Spanish on Christmas Day or my husband and I are not coming.,"my (f35) family is mexican and we live in tx. everyone in my family is bilingual and they tend to mix english and spanish constantly.
my siblings spouses have all learned some spanish, some better, some worse, but they can still participate in all conversations.

i’ve been with my husband for 10 years. he took a few classes but he found it too difficult and decided that he can’t learn a language as it’s his thing just like math isn’t his thing and he dropped it.

every family gathering (there are a lot of them) he feels left out because everyone switches back and forth and he doesn’t understand them. i have to translate for him and it really must be uncomfortable for him.

this year he said that he’s not coming, he feels excluded and even when he talks with non mexican spouses, they mix and match languages and he felts it’s to mock him because there’s no need to.

i called my mother and told her that they must promise to not speak spanish because it’s excluding my husband or were not coming.
my mother was angry, she told me they’re not going to police their speech, that they were accommodating for the first few years but he made no effort and it’s ridiculous that he doesn’t even try. i told her to at he did try but she knows it’s difficult for him.

she said that he’s no longer invited and i can come on my own. i was really angry and repeatet my ultimatum. this didn’t go down well. my whole family is pissed off, my husband is on my side and i don’t know anymore. aita for giving them the ultimatum?",YTA
AITA for yelling at my mom that I hate Harry Potter and to LET ME LIVE MY OWN LIFE,"as my title suggests, my mom is a huge harry potter nut. she and my dad actually met in a harry potter “irc” (like disord but for old people) in the early 00s got married had kids and from day one decided to embarrass us for life by naming us after some harry potter and star wars characters.

it’s honestly been hell. i have a stupid name and since we were little my parents have forced stuff like harry potter, star wars, marvel movies, etc etc down our throats. everything is about dragons and magic and blah blah blah. i’m so sick of it. every birthday every holiday everything is just organized around “fandom.”

so just like every christmas the days leading up to christmas we have to sit down every night and watch harry potter movies. it’s. so. fucking. boring!!!! i can usually get away with knitting or drawing on my ipad during this but this year my mom was like “let’s just have a technology and distraction free night every night”

i arranged to go over to my friend missy’s house instead for like two nights. missy’s family is normal and likes things a normal amount. my mom got really mad and started talking about how it’s a family tradition and how i’m basically rejecting her and went on her whole thing about how “you wouldn’t exist if it wasn’t for harry potter.”

i finally had it and just yelled “nobody cares that you were a big name in the harry potter fan club!!! i don’t like harry potter! i don’t like star wars! i hate marvel movies they’re all so boring please just let me have my own interests!”

i couldn’t help it i started crying because i was just so frustrated because everything always has to be about harry potter this star wars that and now that we’re all older they started doing game of thrones. everything is centered around some kind of movie or tv show or book series. 

just onces i want my family to band around something that doesn’t have to do with media or these nerdy things. we live in utah where we have like 5 national parks and even though i ask every year for my birthday i’ve never even been to arches!!!! 

well my sister called me saying that mom was angry and to just come home and to stop with the theatrics. i told her that i’m sick of having all this old “nerd” stuff crammed down my throat and just once i want to have a normal time watching normal christmas movies and not having to pause for “lightsabre battles”.”

aita?!??!

**hey guys** i know you think you're ""cool"" and ""in on the joke"" wink wink when you dm me and ask me for my name, but i'm a teenage girl and that's not really how it's coming across. please stop dming me i don't care.

**for those of you telling me in dms ""irc didn't do fandom"" it was part of a ""livejournal"" community. someone in the community had a fan site they all liked. it had a chatroom. i'm sure there was other stuff too?",NTA
AITA for telling my wife the lock on my daughter's door does not get removed til my brother inlaw and his daughters are out of our house?,"my brother in-law (sammy) lost his home shortly after his divorce 10 months ago. he moved in with us and brought his twin daughters (olivia &amp; sloane18) with him a couple of months ago.
his sister (my wife) and i have one daughter (zoey 16) and she and her cousins aren't close but get along fine.

olivia &amp; sloane have no respect for zoey's privacy, none. they used to walk into her room and take everything they get their hands on. makeup, phone accessories, clothes, school laptop etc. zoey complained a lot and i've already asked the girls to respect zoey's privacy and stop taking things. my wife and sammy saw no issue with this. after all, they're girls and this's typical teenage girls behavior. i completely disagreed. 

last straw was when zoey bought a 60$ m.a.c makeup-kit that looks like a paintset that she saved up for over a month and one of the girls, sloane took it without permission and ruined it by mixing shades together while using it. don't know much about makeup but that's what zoey said when she found the kit on her bed, and was crying.
i told my wife and she said she'd ask sloane to apologize but i got zoey a lock after i found she was moving valuable belongings out the house because of this incidence!!!

sammy and his daughters saw the lock and weren't happy, the girls were extremely upset.
sammy asked about it and i straight up told him. he said ""my daughters aren't thieves!!! it's normal that girls of the same age borrow each others stuff"" he said zoey could easily get another makeup kit for 15 bucks from walmart and shouldn't even be buying expensive - adult makeup in the first place and suggested my wife take care of this ""defect"" in zoey's personality trying to appear older than she is.
he accused me of being overprotective and babying zoey with this level of enablement.

i told him this's between me and my wife but she shamed me for putting a lock on zoey's door for her cousins to see and preventing them from ""spending time"" with her saying i was supposed to treat them like daughters, then demanded i remove it but i said this lock does not get removed til her brother and his daughters are out of our house.

she got mad i was implying we kick them out and said her family'll hate me for this. so i reminded her that i let sammy and his family move in which's something her own family refused to do so she should start with shaming/blaming them for not taking their own son and nieces/granddaughters in. if it wasn't for her family's unwillingness to help we wouldn't be dealing with this much disturbance at home.

everyone's been giving me and zoey silent treatment and my wife is very much upset over this.",NTA
AITA for posting a picture of my vegan sister in leather boots?,"my sister has a large-ish instagram following ( like 10k followers) and her ig mostly talks about veganism, cruelty free recipes, fashion ,stuff like that. i have a little fashion page, it is something i do for fun. we both live with our grandmother. she’s 22 i’m 19. 

my grandmother collects clothes. we have been going through her collection for a couple of hours a day, and finding some really cool vintage stuff from the 50s-80s. everything is in pristine condition. my sister and i have both asked to have a lot of stuff.  my sister is smaller than me so had an easier time fitting into all of the cool bohemian stuff from the late 1960s (grandma was in her mid 20s) a lot of the things in my size were 80s jumpsuits, not my thing. 

i found several pairs of very cool shoes. the most iconic of them all being a pair of white patent leather gogo boots with beautiful beading down the side and some suede thigh highs with a little fringe. i found them first. i knew i could make a killing online selling them, so i rushed to ask my grandmother if i could have them. she initially said yes, but when my sister saw them she begged to try them on. of course they fit her. they didn’t fit me. she begged my grandmother to let her have them and she said that she would think about it. 

my sister asked me what i was going to do with them, and i told her that i was going to sell them! i could get between $800- $1000 for them. she shamed me for trying to sell grandmas stuff. she said that she would actually wear them and take care of them, so she deserved them. i disagreed. i also pointed out that she was vegan, why she would want leather shoes anyway. she said that used stuff and heirlooms don’t count. she went off to talk to my grandmother by herself that night. my grandmother ended up giving the shoes to her. 

my sister got all excited and was trying the shoes on with a bunch of different outfits. i asked her if i could take a picture of some of the outfits, she let me. i posted them to my ig, tagged her in the pictures and mentioned everything she was wearing, including the leather boots. my post happened to get a lot of engagement from her followers, and a lot of them were mad. she ended up losing like three hundred followers, and it became kind of a scandal. 

she got mad at me and caused me of trying to sabotage her for captioning the picture the way i did, and being jealous that she got the shoes. she told me to take the picture down. i did. she said that i could cost her or lose sponsors and money. i pointed out the money she cost me by sucking up for those shoes that i found first. 

she hasn’t lost any more followers, and has been doing damage control, but she’s still angry at me. i think she’s a hypocrite for wearing the shoes in the first place, and i asked her before taking the pictures. but i feel bad about how stressed out she’s feeling and the crazy backlash that she’s receiving, so aita for posting them?",YTA
AITA for telling my boyfriend not to be his best friend’s best man in his wedding?,"throwaway account but i need some opinions.

i (26f) have been with my boyfriend (27m) for 2 years. we recently found out that we are expecting a baby, and we’re both excited about it. he has a best friend (27m) that got engaged to his fiancée (24f) over the summer, and they plan on getting married in may. he asked my boyfriend to be the best man (they’ve known each other since childhood).

now here’s the conflict: the fiancée and i had a falling out last year. we used to be really close, but she pulled a complete 180 on me and went behind my back. when i confronted her about it back then, she looked completely confused and asked what she did and how she can fix it. i wanted to believe her but i felt that she should’ve known already why i was mad at her. my boyfriend is still close to both his best friend and the fiancée to this day since he’s known them before dating me. he mentioned that he could bring me to the wedding in case something happens with my pregnancy. i told him that i wasn’t going to sit through and watch someone who betrayed me celebrate love. my boyfriend understood that, but he told me that being the best man was very important to him. i lost it and told him that if i’m not going to the wedding, then he shouldn’t be his best man and should prioritize me and the baby. he dropped the conversation after that.

i told some of my friends this, and they said though the pregnancy is important for him to be attentive to, i should move on from the drama and let him be there for his best friend’s big day. i still stand firm because it’d be awkward with his fiancé if i went, and his best friend can find someone else to be his best man. aita?",YTA
"AITA for insisting if I can't have my partner over, neither can anyone else?","throwaway bc flatmates have reddit. 

so i [20m] live in a flat with 3 other people; childhood best friend [23f], a guy from my uni course [20m] and his cousin [26f]. for the most part we get along really well and rarely have disagreements. however this has been a real point of contention lately. 

about six months ago i began a relationship with a guy i've known for a couple of years [21m]. i know it's still a fairly new relationship but i really like him, he makes me really happy and we're pretty serious about each other. up until recently, he would come visit me at my flat 3-4 times a week. this was mostly due to the fact that i have chronic fatigue and going on ""proper"" dates can be really challenging for me. instead of going out to dinner or a film or whatever, we'd just chill in my room or the living room, watch tv and get takeout or cook together. i didn't really consult anyone about this becsuse a) all the other flatmates have their partners over as often if not moreso and b) he rarely spends the night and usually leaves before 10pm because of his work schedule. 

so the issue: two weeks ago 26f comes to me and tells me that i need to stop having my boyfriend over because it's ""starting to get annoying"". i asked her why and she said it's irritating to have someone who doesn't live there ""skulking around all the time"". i pointed out that her boyfriend sleeps over three nights a week and thus is here more often than mine and she claimed that was different because they've been together for 11 years and are moving in together once her lease is up. she said she's discussed it with the other flatmates and they've all agreed he needs to stop coming over or he has to chip in to the rent because it's ""getting ridiculous"". note: nobody else's partner chips in on the rent. i confirmed with the other two that yes, this is an agreement they've made, though my best friend said 26f basically made her agree by threatening to cut off the wifi and utilities, which are in her name, if she didn't. i asked if this rule applies to everyone but apparently it's just me. i pointed out that it's unfair and was basically told to deal with it.

my potential assholery: i've begun loudly insisting that if my partner isn't allowed to come over, neither is anybody else's.  if i answer the door to anyone's partner i'll send them away. if i come home and someone's partner is there i'll make a point to mention that i thought we weren't having partners who don't pay rent over any more. i've asked 26f's boyfriend over and over how much rent he's paying and pretend to be affronted and make a fuss when he says he doesn't. everyone's pretty pissed at me and is telling me i'm being unreasonable. i know i'm being petty, but i think it's unreasonable that there's one rule for me and another for everyone else and i'm trying to make that point. am i really the asshole here?",NTA
"AITA for supporting my boyfriend when he told my son ""no lock til you're 18""?","i f39 have been with my boyfriend for 4 years. i have a bio son 16 year old son as well as 2 step kids (11 &amp; 13).

my son has been complaining about his younger stepsiblings entering his room and taking his things constantly and without asking. i tried disccusing this with the boys and my boyfriend punished the boys and told them to ask first before taking anything and return it if taken but my son said they haven't listened and things went back to how they were.

few days ago my son came downstairs saying his older stepbrother broke his controller and put it back and told him he returned it like his dad told him but the controller was broken. i again went to my boyfriend with this issue and had my son sit and talk directly to him. my son asked him if he could just get a lock for his room to resolve this issue but my boyfriend didn't welcome the idea and told him no because locks bring troubles to his house but my son tried to convince him and assured him that he won't use the lock when he's home but only when he's at school or working. my boyfriend still said no and then told him ""no lock until you're 18, period, no more discussion"". thing is my son will still be living with us because he decided to go to a community college and my boyfriend told him when he reaches 18 that is when he gets to get a lock and start paying rent and no one will bother him. my son begged me to say something since he couldn't take it anymore after his controller was broken but i agreed with my boyfriend that as the owner of the house he gets final say and no lock means no luck. however, the boys will be facing stricter punishments to enforce the ""no touching others stuff"" rule but my son was having none of it and started yelling at me and my boyfriend saying his stepbrothers will never respect his privacy and his stuff nomatter how hard their punshement is since they never learn and are stubborn and will always do what they want. he picked an argument with my boyfriend after my boyfriend said he'll pay for the controller and then my son called me awful for siding with him and refusing to see the blatant injustice in this house and told us he's reconsidering staying with us after 18.

he keeps saying i'm not on his side cause if i was i'd be encouraging him set boundaries and protect his stuff that he buys with his own money. i reminded him of how much my boyfriend helped us (we lost our apartment to debts and my boyfriend took us in 2 years ago we had nowhere to go) and let him know he's doing his best to hold the boys accountable.",YTA
AITA for not accepting my sister's relationship with my ex despite her having cancer as a teenager?,"my (25f) father married my step-sister's (23f) mother when i was 4 and she was 3. we've lived together most of our lives and are a family. she and i were extremely close.

she developed cancer when she was 14 and was sick for about 2 years. she's since made a full recovery. during that time, my parents became understandably over-protective. they also asked a lot of me. i quit my extracurriculars so i could get a job (the money went towards her medical bills) and so i could drive her to appointments. i didn't go to dances and any fun activities i did needed to include her. i did almost all of this willingly, the exception being having to quit my high school volleyball team - i did throw a bit of a tantrum about that, but was swiftly punished. and i think having one emotional breakdown was pretty chill given the circumstances.

anyhow, i go to college and meet my ex, we'll call him ben, when i'm a junior. we fall in love, blah blah blah. he and i move in together when we graduate, so we've been living together for about 3 years. we were serious until july when i walked into my bedroom and saw him fucking my sister.

i broke it off, tears were shed, he moved out, etc. my sister apologized at first but then backed off. i thought she was giving me space but last week she called and asked if we could meet up. she told me that she and ben were in love and were just telling me as a courtesy before they started posting photos online. distraught,  i left her in the restaurant by herself and did not pay my portion of the bill. she later venmo'ed me asking for the money.

she told my parents who then called me to their house, telling me how disappointed in me they are for not supporting my sister's relationship with ben. they brought up the fact that because she had cancer as a teenager, she never learned proper social etiquette, and has a hard time meeting people. i don't buy this, in part because i've seen her socialize just fine and since we spent a good chunk of the time she was sick together, that would also mean that i should have bad social skills as well, by that logic. they then told me that if i don't accept my sister and ben's relationship, they may have to go no contact with me. i reminded them that i'm also their daughter and they should understand my point of view, but they are adamant that this is about me being jealous of her.

for the record: i'm not jealous of her. i'm not upset that ben picked her over me. i'm sad about the end of the relationship and do feel betrayed, but lord knows that i don't want to be with a cheater. what i'm upset about is the fact that my sister chose ben over me. that she slept with ben knowing he and i were in a long-term, committed relationship, and continues to be with him knowing how much it hurts me.

now no one in my immediate family is talking to me and i'm getting messages from aunts and uncles and cousins telling me that i'm an asshole and a selfish bitch.

&amp;#x200b;

&amp;#x200b;",NTA
AITA for putting my dog's wee-wee pads on the bathroom floor b/c my BF has bad aim and keeps missing the toilet?,"my boyfriend (30/m) and i (28/f) have been together about a year and when our city implemented lockdown for the virus, he decided to quarantine with me at my apartment as i live alone and have a nicer apartment and he has several roommates.

mostly it has been going well and thankfully we both still have jobs, except in the first few weeks i started noticing that the bathroom floor was suddenly always wet around the toilet. (the sink is across the room from the toilet so it's unlikely to be from the sink.) at first i thought it might be water but soon realized that it was definitely pee. i asked bf about it nicely, and he apologized and said sometimes he has bad aim. i asked him to try a little harder and he said sure.

the floor continued to be frequently spattered with piss, and a few weeks later i confronted him about it again because i think it's pretty gross to step in his pee several times a week, and it seems like an easy thing to fix. if he misses the toilet, i think the very least he could do is make sure to wipe it up with toilet paper or a clorox wipe. (the cleaning supplies even live in a cabinet directly over the toilet.) he said sure, sorry, he would try to remember to do that. 

another week has passed and while maybe he's doing this sometimes, i've continued to step in splatters of his pee and wipe it off the floor and clean the floor several times a week. i thought about asking him to just pee into the bathtub or something instead, because i don't understand how you can pee on the floor by accident so often and not notice and not clean it up.

last night i got up to use the bathroom in the middle of the night and absolutely stepped in piss for the 12312301298th time. i had had it and i didn't want to pick a fight or ask him again since it seems clear he can't or won't change, so i got one of my dog's wee-wee pads from when he was a puppy (he is well trained now) and cut it up a bit and taped it down to make a sort of ""skirt"" or mat around the floor near the toilet to at least absorb the piss. 

bf saw this morning and is furious with me, saying that i'm calling him a dog, comparing him to an animal, etc. honestly, i was not thinking that at all, i just was trying to be resourceful and solve the problem for myself since i don't like piss on my bathroom floor and don't like stepping in it, i didn't feel like arguing about it anymore, and putting a material specifically meant to absorb pee around the area he keeps peeing on by accident seemed like a practical solution. 

aita?",NTA
AITA for refusing to eat from my colleague's vegan birthday cake?,"i (29f) am working in an office and i have a colleague bea, who routinely makes fun of vegans. i am vegan and i never make a fuss about food, i go to the same restaurants as my coworkers during lunch hour and i can always find myself something to eat without announcing my dietary choices. bea keeps calling me out on it though and she's very condescending about it, she keeps saying i am just having a phase and she keeps offering me bites of her lunch that contain cheese and meat, and when i refuse she just goes ""oh come on, its vegan i promise!"" *winkwink*. its very childish and annoying and even other people asked her to tone it down, but she insists shes just joking. 

last week she brought a homemade cake to the office for her birthday, and when she put a slice down in front of me i politely thanked her but i said i cant eat that. she said the cake is vegan and she made it specifically so i could eat it, but knowing her very loose definition of vegan i asked a few questions about the ingredients and she didnt check any of them for milk or eggs, so i thanked her again but refused the slice. she made a big scene out of it, she started crying and saying she just wanted to do something nice for me and now i ruined her birthday. 

some colleagues told me not to mind her dramatics, but my boss told me that it was her birthday and i could have given her cooking the benefit of the doubt. i sort of see his point, but i also feel like i dont need to justify my food choices to anyone and i never asked her to make the cake vegan for me. 

aita?",NTA
AITA for cancelling my son's birthday party upon discovering that he ruined his stepbrother's deceased brother's hoodie?,"
it's a complex situation but i'll do my best to explain.

i m45 have a bio son 'leo', 16 from my previous relationship. i married his step mom who is a mother of two boys 'connor',20 (deceased) and 'derek',12. i've never had the pleasure to meet connor who tragically passed away from a motorcycle accident. derek was so devastated by this loss and although it's been years he's still pretty much grieving.  i've seen tons of pictures and videos of connor and made efforts to get to know who he was as a way to share derek's grief and be there for him to lend an ear and a comforting shoulder. it's safe to say that derek and i grew a strong bond in no time. but my son leo isn't close to derek. understandable because not all siblings and step siblings are the same. leo and derek are different in everything which isn't a bad thing but leo calls himself the brutally honest type and makes insensitive comments about derek most of the time. they tend to be under the guise of 'advice'. derek never complained so i had to step in and tell leo to stop being insensitive towards his stepbrother especially, with everything regarding conner and his memory. leo would say ""ok i get it"" and ""i won't do it again"".

days ago, leo wanted to hang out with friends and asked derek if he wanted to join. derek agreed and put on connor's hoodie before going out. leo commented on the hoodie and called it ugly and asked him to put on something else but derek insisted on wearing it or not go. leo dropped it.

hours later derek came home crying with his hoodie in hand. he said leo and friends cut it into pieces while he was in the bathroom after they convinced him to take it off. i was furious i asked leo and he said it was his friend's idea then said he had to do it since derek wears it everywhere and it looked old and embarrassing. i reminded him who this hoodie belonged to and he said ""so what, maybe this will help him move on in life"". i told him his birthday was cancelled and his friends aren't welcome anymore.
he pitched a fit saying his birthday was a right not a privilege and i can't cancel it. he had my ex criticize my decision and wanted to host his birthday party but i refused because he's grounded so no party anywhere. she and her family called me awful and ridiculous and asked me to think how leo will hate me for this but i insisted he needed punishment for putting his stepbrother through this.

note: the hoodie belonged to conner when he was younger and derek kept it.",NTA
"AITA for giving my MIL a fake copy of my house key and ""exposing"" her on Christmas dinner?","
i wanna preface this by saying that i f34 married my husband m37 a year ago. his mom is snoopy and annoying af. she can't help it that is just how she is as my dear in laws say.


my husband and i purchased a new house recently. my mil kept pushing to get an emergency key, she promised that she only use it in an emergency but giving the fact that she had an emergency key to our old apartment and walked in on us being intimate twice (but my husband didn't think it was big deal) i just couldn't trust her so i just sent her a fake key (after she kept pushing) and she had a smug on her face after i hand delivered it to her.


days gone by and on christmas dinner mil angerily ""called me out"" on the fact i gave her a fake copy of the house key. she shamed me for doing this in front of everyone but in my defensive i asked her how she found out and she said days ago when she came over at 4 while my husband and were out. i reminded her ""didn't you promise you wouldn't use it unless there's an emergency? so you tried to get in when there was no emergency and you broke the promise you made to us!"" she looked red in the face and the other family started staring and some even laughed at her for the face she made. she suddenly got up from her seat and rushed into the kitchen where she had a huge meltdown so loud the next door neighbors must've heard - literally i've never heard a 60+ year old woman throw a tantrum like that. needless to say dinner went awkward and my husband and his sister were giving me looks. my husband went off on me in the car and said i lied and manipulated and humiliated and exposed his mom and said he wouldn't have let me get away with it had he known. we had an argument and he is demanding i apologize to his mom for my childish behavior and for ruining christmas dinner for the whole family.

aita?

eta so this went off unexpectedly and i thought i'd show my husband some pretty helpful comments i found here minutes ago but he got mad at me when he saw it and said i was nuts to talk about his family online. he demanded my phone so he could delete it but i refused and i went upstairs and into the bedroom. i never seen him so agitated and i didn't think he'd react like that honestly. but thank you guys for your support. it really means so much. i'll update if i can. thanks again :)",NTA
AITA for insisting I get the phone back despite policy?,"my kids attend a year round school and started back up for the new term 2 weeks ago. my eldest (16f) ended up getting her phone confiscated for using it during class to watch tiktok. we had discussed this before she even got the phone, then had some issues last year. as a last resort, i told her if that happened again, the phone would become mine and she’d get an old flip phone that was my husband’s  with no internet until she could prove trust. 

the school policies had changed this term from a phone would be confiscated until a parent could come get it to a phone would be kept for 2 weeks as a first offense, 3 for second, so on and so forth. i wasn’t okay with this as i don’t trust the school to not lose it (i know they’ve lost/broken other students’ phones) plus i don’t want them having access to my daughter’s private info. i went to the school and requested it back, saying i wouldn’t give it to my daughter but i paid for it. secretary gave me the spiel and i didn’t blame her but asked to speak with the vice principal. he comes out and repeats them. i said okay but i’m the parent, i paid for it and i never signed anything giving you permission to hold it. they were refusing so i said i’d sit in the office until it was given back. i did so and waited for close to 2 hours. finally the principal came out and said i needed to leave. i said if i left, i’d be back with a police escort. at that point, the phone was returned to me.


my husband says i “karen’d” my way out of it. to me, it’s not their property to take. aita?",NTA
AITA for not scheduling the new hire's vacation?,"i'm the manager of a small team at a large company. each manager does their team's schedule. i hired lacey last week.

lacey told me when she accepted the job that she already had non-refundable vacation plans at the end of may. i told her that i did the schedule and would try to accommodate her.

i couldn't accommodate her at all. there's already another team member out. i put up the schedule and was very surprised at an e-mail from lacey regarding her vacation not being scheduled. i informed her we didn't have the flexibility and that she was expected to work.

when i went to my lunch break, i walked by lacey's desk and was surprised to see it packed. she handed me her lanyard and told me she quit. she said that she wasn't losing out on $2500 and that she already had an offer from one of the jobs she turned down that promised her vacation was safe.

i'm now being called into my boss' office because she quit so fast, but in my experience, if you start a new job, you understand that you are last for vacation. my fiancee says that i'm an idiot and she was telling me, not asking me.

tl;dr: didn't grant new girl's vacation request and she quit. am i the asshole for not approving it?",YTA
"AITA telling my niece she can leave after she went against the rules in my home, which she was staying in rent free?",,YTA
AITA for leaving my inlaws christmas dinner after I found out that they didn't make accommodations for me?,"



i got invited to my fiance's family christmas celebratory dinner. it's my first christmas with them. i have always been picky about what i eat. can't help it and it has to do with psychological factors, childhood, and personal likes and dislikes. before accepting their invite i let fmil know that i wouldn't be eating the traditional food at their celebration, and showed her a variety of dishes to choose from to accommodate me. she refused and told me to bring my own dish. i said if i had to bring my own dish when i'm a guest then i better stay at home then. we went back and forth and i insisted i wouldn't come if accommodations weren't being made. i just thought it was a simple request and fmil could've agreed if she really wanted me there. my fiance agreed that i shhould bring my own dish but i didn't.


when we arrived there and i saw that no accommodations were made i got up, go my things and walked out and went home. my fmil and fiance were shocked. i got tons of calls and texts from them both and my fiance came home lashing out calling me selfish and spoiled to walk out like that over a dish that his mom didn't have to make for me. and, that it was my responsibilty to feed myself. how is it my responsibilty to feed myself when i'm a guest? makes no sense to me. i told him this and he accused me of starting shit and ruining my first christmas with his family and disrespecting his mom.



now he's continuelly saying i fucked up and should've sucked it up for the family's sake.


eta to clear few points:


* for those saying i have no respect for my inlaws. i do, especially fmil. i respect her but this is so far the biggest conflict we had.


* i work long hours even on holidays so not much time to cook.


* i wasn't asking for an elaborated dish or several dishes. just one simple option.",YTA
AITA for no longer making toys and furniture for my former SIL after her new husband called them an “embarrassment” and me cheap for not paying for stuff?,"my brother died before his firstborn child was born, because of this i've had an above average involvement in my nephews life. one thing i’ve always done is build him toys and furniture. it was a way of providing without the awkwardness of handing over cash. also, between my late brothers cash and life insurance via work a trust was setup for my nephew for ~£500,000. he wasn’t actually married to my sil.

now via the lab at work i’ve made him a lot of wooden or 3d printed toys, but also some simple handmade electronic toys. my sister in law was always grateful for these and my nephew (by all accounts) loves his custom toys.

fast forward 3 years and my former sister in law has gotten married. i was attending my nephews third birthday and i turned up the night before to assemble his present. it was a small climbing frame/swing set i had watched better carpenters than me in the lab make.

the new husband was a little standoffish but come the day of the party he was telling anyone who listened that i didn’t pay or make the present i had lackies at work do it for free. this culminated in him calling all my “presents” an embarrassment and given my fancy job i could afford to splash some cash.

i confronted him and my former sil and she basically confirmed that whilst the presents were appreciated she honestly expected more direct support from me after my brothers death. my mother stepped in and reminded her my brother paid for this house and they regularly take cash out of the trust (approx £10,000 a year).

we walked out without hearing any worthwhile response but i continued to see my nephew without incident. 6-7 months go by and i’m visiting only to be told my former sil was pregnant with twins and she was wondering if i could make some duplicates of items i made for my nephew as they needed two sets.

i scoffed, said she had balls asking me to make stuff after she was so ungrateful and i owe her unborn children very little. she got upset and explained her prior statements about my handmade gifts and said she felt they were the kinda little things someone did as a favour. not what a family provides. that’s why she’s asking me now as a friend to do her a “favour” and manufacture duplicates.

i said no, again, and her husband shouted through that it didn’t matter they would just use the trust to provide for kids like it’s supposed to. i retorted that it was for my nephew and good luck accessing it for that because the trust requires my signature to pay out.

i wasn’t even home before he was calling me to apologise, clearly unaware i held the reigns to my late brothers money. the apology was insincere and i asked to speak to my former sil where i confirmed again i wouldn’t be manufacturing her anything. i’ll still be an uncle to my nephew and be impartial when it comes to her accessing my nephews trust but her husband has burned a lot my goodwill with this.

aita for not doing her a favour after all that?",NTA
"AITA for disowning my brother when he came out as gay, because of how he's treating his wife?","i (21f) have a brother (28) who came out as gay last month. he has been married to my best friend's big sister (24) for four years, they have 2yo twin daughters together. i'm really close with her, so i've been trying to stay neutral in what has become a messy separation. 

my brother told his wife he's gay by sitting her down, and saying he had been sleeping with two different men for about six months. he said he is now sure that he feels romantic feelings for men, and also told her he has been sleeping with random men from grindr for over a year behind her back. she obviously freaked out, asked him how he could do this, why didn't he tell her when he started having the feelings, etc. he said that he's always thought he was gay but he didn't want to come out because it might affect his career. she asked him what about the effect on her life? she is now a single mother to two toddlers. he was essentially very angry that she wasn't supportive of this, so he kicked her out of the house, with the kids. after she eventually found a place to stay, my brother moved in one of the men he has been having an affair with. 

since then, he has had very little contact with the kids, as in speaking to them on the phone once a week maybe. he has expressed that he still doesn't want to be public about coming out, so he posted on facebook that he has separated from his wife because they aren't in love anymore and hinted she was the unfaithful one (posting things like 'yeah, seems like someone in this relationship wasn't satisfied with just one man') and is basically being a dick.

i told him a couple weeks ago that he's a fucking asshole and i don't want to be involved with him anymore because i think it's disgusting that he's treated his wife like this. i told him i get that you have to come out in your own time, but you don't need to kick her out, ignore your kids and berate her, and you don't need to make comments that people will assume mean she was being unfaithful (he said this was a joke about him having two partners now? still fucked up). he said i'm being a homophobic asshole, and that i don't know how hard it is to come out. he said that if i don't accept him, i'm a bigot. he made mistakes and what not. i said maybe i will forgive him if he improves his behaviour to his wife, and he said he resents her for keeping him from sleeping with men for years. i gave up at this point. my sisters (17&amp;24) both think i'm being homophobic, my mom agrees with me. aita?",NTA
AITA for I telling my childhood bully (who is MtF transgender) that she will always be the “boy who bullied me”?,"when i was a in middle school, i was viciously bullied by this boy, who i’ll call z. he spread rumours about me, called me stupid and useless every chance he got, and made school a living hell. 

it’s been 12 years, and z has since come out as mtf transgender. she messaged me over social media and asked to meet up. we went out for coffee, where she apologised for bullying me. it was along the lines of, “i’m sorry for being mean. i was young, and i was struggling with my gender identity.”

i thanked her for her apology. when she asked if she was forgiven, and i tried to avoid answering. i am still not over what she did to me. what z did to me impacted me greatly, as i was a impressionable young girl. i struggled with self esteem for years afterwards. 

z started getting defensive. she told me that i was being petty and that i should forgive her. i told her, “why? you will always be the boy that bullied me.  an apology won’t change that.” she got really offended when i said the word boy, and said that i was misgendering her. she called me a petty, transphobic, vindictive, and ignorant, then stormed out. 

aita?",NTA
AITA for making my MIL pay for food I ordered after she ruined the one we had?,"my wife and i were hosting a barbecue on sunday. half an hour before the guests arrived we were busy preparing food and my mil was helping us.

while i was busy doing something else i asked my mil to take the pasta salad i had prepared out of the fridge and taste for seasoning. she said that it needed more salt and i told her to add it, but not use the big salt shaker we have, because too much comes out of it. she used it anyways and oversalted the dish. i was really angry and tried to fix it with more mayo but it just didn't taste good. i told my mil that i would have to order a new pasta salad from a local place, which she said wasn't necessary but i did anyways. about 15 minutes after the guests arrived i see the delivery guy at our front door. i tell my mil to get up and she asks why. i tell her that the delivery guy is here so she can pay him. she looks at me stunned and asks ""why should i pay him"". so i have to expain that because she ruined the pasta salad she has to pay for the new one. she finally gets up to pay him but it's incredibly awkward and my wife is giving me the death stare. the guests seem kinda awkward too and my mil didn't talk to me at all for the rest of the party.

after the guests were gone my wife flipped her shit at me. she called me an imbecile and an asshole and said that i embarassed myself and damaged the realationship to her mother. it's been three days and she's still angry about this. aita?",YTA
AITA for taking an Uber to a wedding so I wouldn't be late?,"my sister got married last weekend.  i flew into town and my parents insisted that i stay with them instead of a hotel like i wanted.  

my parents are consistently late for everything.  i think it's a latin thing.  i hate being late.  i think it's disrespectful.  

the wedding was at 2:30.  my folks live about half an hour from the church.  

noon rolls up and my folks aren't even getting ready yet.  

they are adults and i am over dealing with them. 

i get ready. i send for an uber and i am at the church for 2:00. 

i check in with my sister.  she asks me if i had any problems getting my parents to church. i told her that i came by myself.  shebw my white and said that i was responsible for getting them there on time.  

well nobody asked me to do that.  i didn't even want to stay there.  

so now everyone starts calling my parents.  they are getting ready.  

they were about 35 minutes late.  

the service was shortened because there was another wedding later that day.  

everyone is still mad at me for not getting my parents there on time.  my aunt said that i'm an asshole for messing up the timing of the wedding. 

my mom says it's my fault for not reminding them to get ready.  

am i the only one who thinks adults should be able to be on time for their own kid's wedding without help?",NTA
AITA for telling my son to leave my house after he announced his engagement?,"my son adam's (24) best friend carlos (25) passed away over 2 years ago in a car accident, this loss completely devastated adam to the point where he lost his job, they were like brothers and our family have known his family for years. so we're also very devastated over this loss. 

carlos left behind his girlfriend and their now 4 yo son, we don't know his girlfriend too well since he didn't bring her around much, they were on and off til their son was born. adam told me he had been seeing and taking care of carlos's family's needs which's great, we were glad he was stepping up to make sure that carlos's family were getting help. adam also got a new job and we sort of had limited contact for few months. 

he's started visiting us lately and looked different in general, he is now more calm and smiles more often and is even open to talk about carlos without getting too emotional. i was relieved and happy for him but last week, he contacted me and his dad and said he had something to tell us. he visited and brought carlos's girlfriend and child with him, we had dinner and then he all of a sudden he told us that he and carlos's girlfriend have started dating and announced their engagement there. i was in shock, i didn't expect this at all. i didn't know what to say but i felt upset and shocked mostly. adam noticed my reaction and asked what's wrong, i told him i never expected him to get with his best friend's partner, of all people and talked about how bad this would look to carlos's family who are close friends to ours. carlos's girlfriend excused herself and her son to the bathroom and adam and began arguing, he went on about how i upset his fiancee and that i should be supporting him but i said that he should've told me, and that he shouldn't have got together with his best friend's partner and perhaps use her grief to get her to date him, he acted shocked and called me unbelievable that's when i asked him to leave my house. he got up and left with them. my husband said i messed up by making a scene and reacting the way i did. i went upstairs and stayed alone for an hour. it's been days and adam hasn't called and my husband keep trying to get me to speak to him but i kept saying i needed time.",YTA
"AITA for telling my brother that he's just an ""experiment"" ?","i (22f) and my brother (20m) are attending different colleges, but they're both in the same city. i'm classmates with this guy (22m), let's call him ""david"". he's really handsome, fit and smart, but also quiet the player. most of my female friends have had one night stands with him and there are rumors going around about him sleeping with half the college, including some of the teachers. so imagine my surprise when i found out that my brother started dating him. yeah, he hasn't kept it a secret that he's bi and that he experimented with guys before, but i seriously didn't expect that my brother of all people to be his type. i seriously thought they were gonna break up pretty fast, as david doesn't seem like the type to settle down easily, but surprisingly, him and my brother are still together after over half an year. and my brother has become really annoying during this period, pretty much all he's doing now is gush about david and act like he's the best thing since sliced bread, not to mention how he's following him like a puppy whenever they go together to an event. 

yesterday was my brother's birthday and he once again kept praising david, this time about his cooking skills. apparently he made him a special dinner and birthday cake, which i said that seemed cheap and it's kinda worrying that his own boyfriend doesn't want to spend money on him. my brother intervened and said that he never really liked the material gifts for his birthday and he's so glad that david picked up on that and was willing to put so much effort to make his birthday truly special, which really made him hopeful about their future together. i, however, wasn't impressed and told my brother that he should hold his horses and that david isn't the type to settle down and he's probably just an ""experiment"" to him. my brother asked me what the hell i was talking about and i told him about how he used to sleep with pretty much everyone in college before they started dating and that there are even rumors about him sleeping with teachers just to keep his grades high. and considering that his grades haven't lowered since they started dating, i would be on guard around him if i was in his place. my brother went silent and pretty much stopped talking with me for the rest of the day, but at night i got a message from david telling me to stop spreading ""fake"" rumors about him and to stop trying to sabotage his relationship with my brother. however, i don't really think i was doing any of that, all i did was just warn my brother about the possibility of getting misled by david down the line, but david doesn't see things that way and thinks i'm actively trying to sabotage them.

so aita for expressing my concerns to my brother ?",YTA
AITA for refusing to punish my daughter for taking all the apples that my wife's folks brought from their home country?,"
my wife ""lisa"" has been sick for the past couple of weeks. her folks came over to visit (they live in another country) and brought with them some gifts and a small bag of apples. i was in the backyard while lisa was with her folks. in about 30 minutes i hear my daughter ""alex"" (16) shouting ""dad dad!!"" from the kitchen. i head over to the kitchen and see alex and lisa fighting. i ask lisa why she was yelling at alex and she tells me that alex took all the apples my inlaws brought from home and shared them with her friends upstairs. i tell her alex probably didn't know but she tells me that she explicitly told alex not to touch them. i ask alex if that was true and she tells me yes but that she and her friends couldn't find anything else edible. lisa goes over to the fridge and opens it saying the fridge was literally full of snacks and alex did this just to spite her and basically ""steal"" from her. i tell lisa to calm down and that i'd go get her some from the grocery store, lisa replies that those apples are special because they're from her home country and she needed them for her recovery. she goes on to tell me alex intended to do this and so something needs to happen, a punishment should he issued. i tell alex to go upstairs and lisa and i start arguing. i refuse to punish alex because even if what she did was intentional she's a kid and it's typical behavior. lisa starts ranting about how this scenario keeps happening and i never take a stand but i reply that she's just obssessed with having my daughter punished for some reason. she stops arguing now and stares at me. she then walks out and goes to stay with her folks until they'd left.

later she avoids me and refuses to speak to me. i found this whole thing quite ridiculous because alex is just a kid and so she acts without thinking sometimes but lisa tends to get oversensitive and think everyone is out to get her or something. i'm genuinly confused by her insistance to turn this into a huge deal.",YTA
AITA for not accommodating my brother's vegan fiancee?,"full disclosure, i do eat meat, eggs, and dairy. that being said i'm lazy and prepping and cooking meat takes more work than i'm willing to do a lot of the time, so i've built up a pretty okay repertoire of vegetarian and vegan meals. that's why i volunteered to cook last night for a small family dinner even though i would normally never. love my mom to bits but if the first step isn't browning a pound of ground beef, she's a little lost on what to make.

this is all a thing because my brother has recently gotten engaged to a vegan woman. none of us have really spent a lot of time with her due to pandemics and generally having our own lives. the time i have spent with her has been perfectly nice. i'd thought this would also be perfectly nice.

so i did my best. i put together a dijon vinaigrette salad, pasta tossed with roasted asparagus and cherry tomatoes, and because this is america where carb on carb doesn't have to be just a dream, some bread i fucking vetted to make sure it didn't have milk or eggs in it. she could eat every single thing served.

at least i thought so. we sit down, plates are dished, she has questions. whatever, fair enough. i can imagine that she's been in situations where things seemed safe to eat but surprise, there's honey in the salad dressing or something. reassurances are made, i did my homework but...she has other complaints. you roasted the veggies in olive oil? there's olive oil in the salad dressing? the pasta isn't whole wheat? this is white bread? yes. vegan, all of it, but not stripped down to as few calories as possible. anddddd now she won't eat, just sat there and tore one of the rolls up into tiny pieces until the table was cleared.

my brother texted me later that night about how fucked up it was that she had to go home hungry, and this is where i may be the asshole. i replied something in the effect of saying i thought i had to cook to accommodate veganism, not an eating disorder. he told me to go fuck myself, which again, fair. now i imagine a cold war is brewing and mom is inevitably going to get sucked in. i also could have tried to make something healthier, though i don't think what was served was that bad. aita?",NTA
AITA for my birthday gift to my wife,"my wife and i are tight on money right now and thus, we didn't have anything in the budget for my wife's birthday gift. instead, i sent her to her friends house for a few hours and my kids and i did all the household chores. when she got home, we showed the clean house off to her and told her it was her birthday gift. she said thank you but i could tell she was upset. i pressed her a bit and accused me of seeing her as a maid because i think she should be grateful for something she thinks the kids and i should be doing regularly. i tried to explain that we were just trying to be nice and make things easier for her, and she just kept saying ""this is exactly the problem"" until she told me to just stop talking about it. aita?",YTA
AITA for refusing to pay the babysitter for new glasses after my daughter broke her old ones?,"

i'll preface this by saying that i (m35) am a widower with 2 kids (9, 11). i recently got back to work and since i work nightshifts, i had to get the kids a babysitter (they're at school during the day and my sister stays with them) i was able to find a babysitter with the help of a co worker (actually they're related) and things have been going pretty well except for few days ago.


the babysitter called me while i was at work to tell me that my 9 year old daughter broke her glasses, i got home, heard both sides of the story and came to a conclusion that it was in fact an accident. but the babysitter said my daughter broke them intentionally after she refused to let her outside late in the evening. i asked my 11 year old daughter and she said the babysitter's story is accurate but since she and her sister have a beef then, i figured she lied to set her sister up. my 9 year old daughter cried and said she didn't mean it and it was an accident. i apologized to the babysitter for the misunderstanding but she insisted there was no misunderstanding and then asked me to pay her for a pair of new glasses. i was taken aback by her request and told her i thought we talked this out and rolled it out as an accident but she insisted it wasn't an accident. i apologized but refused and said it was unfair to expect me to pay, especially since she didn't pay attention to keep her glasses safe regardless of wether it was an accident or not. the babysitter argued with me then started crying swearing that my daughter broke them to get back at her. my 11 year old daughter sided with her but my 9 year old said she is only siding with the babysitter for her own benefits. the girls started fighting and i ended up telling the babysitter to leave. she got my co worker involved and she said i should take responsibility and pay the babysitter for new glasses since she can not afford them being a broke college student and in need for glasses. i apologized but refused to pay, my co worker got upset and shamed me for condoning my younger daughter's actions and treating the babysitter poorly when she's the victim in this situation.


it's been days and the babysitter is still wanting me to pay for new glasses but i feel like she's trying to use the fact that i'm in dire need of help and is hoping to get extra money out of my pocket.",YTA
WIBTA if I started calling my white coworkers by random 'white' names?,"i moved from georgia to the pacific northwest last year for a dream job after i graduated college. it was a little bit of a culture shock, because i went from being one of many black people around at any given time to often being the only non-white person in a room, let alone black person. there hasn't been a lot of overt racism, but there's been a lot of strange borderline situations that are amusing and race-related but not necessarily racist. for example, every white woman i meet mentions beyonce to me within the first five minutes. when i was sitting for my driver's license photo the woman taking my picture opened with, 'so... beyonce.'

so the problem in the post title is that i am the only black woman at my office, and i am constantly, constantly being called the wrong name at work, and i'm coming up on my one-year anniversary. my name is tina, short for christina. pronounced just like it looks, very easy name. for some reason, a handful of people at work call me tiana, tiara, or tia, i think assuming that my name has to be more 'black sounding' than it is. i am most often called tiana, especially by one of the guys on our development team and by the 'big boss' for another team, which i think then confuses their team members back into calling me the wrong name again. the other thing is that apparently another black woman (elderly, not in the same position i'm in) used to work there and i get called her name (mary) sometimes too. sometimes people will look at my name plate and ask me, ""how do you pronounce that?"" it's tina!

i have tried politely correcting this and i correct it immediately every time. from polite, ""just for the record, my name is tina!"" to lighthearted, ""tina, like tina belcher!"" in e-mails from me that say tina in a million places, including my e-mail address, i still get, ""thanks tiana!"" sooo... i'm considering doing the twitter approach, where i just respond to coworkers who call me the wrong name with the wrong name. like:

chuck: thanks, tiana

tina: no problem, chad!

jessica: hi tiara!

tina: good morning, jennifer!

would i be the asshole if i did this? i know it's passive aggressive, but every form of polite correction hasn't worked, and i feel really disrespected by this, so i may as well have some fun with it.",NTA
Aita for telling my girlfriend her Nannies were paid to raise her?,"throwaway account because i don't want this linked to my reddit account.


i (21m) have a girlfriend named anna (21f) who comes from a very rich family while i came from a middle class family and while i did grow up with a lot of privileges none of them were in the same level as her's.


anna grew up in a home where house staff, nannies and body guards were common place and while she's a very nice and down to earth person she always had a very sheltered reality. for exemple, she's the kind of person who has a savings account, doesn't eat out every day and regularly donates to charity but thinks that apple products are perfect gifts for whenever she doesn't know what to get someone.


 a few days back we were talking about holidays and i asked her how she spent mother's day, since her mother died when she was a baby and her father never remarried. she just said that the only unsual thing she did on mother's day was that she visited her mom's grave in the morning with her father. i got confused by that then i asked her how she spent the rest of the day and she mentioned that growing up she would make cards and give them to the nannies and they would spend the day playing and eating the sweets she asked her father to order.


i just kinda laughed at that point and she asked me what i was laughing about, then i told her ""you know the nannies were just doing their jobs, right"" she got annoyed and told me that she knew but they raised and loved and the least she could do was to give them their due.


annnd that where i think i might be the asshole, after she told me that i joked ""yeah, i bet the fat paycheck certainly helped them to love you."" because when i said that she got quiet, grabbed her things and left.


since them she's been cold towards me and told me she's rethinking our relationship but i really think she's overreacting.


what do you guys think, am i the asshole?.",YTA
"AITA for bringing up my brother's ""premature"" birth at Christmas dinner to get my parents to shut up?","i am a nurse practitioner and i am the primary care provider for a lot of the low risk maternity cases at the practice where i work.  i also work hand in hand with the doctors and midwives to create a healthy maternity, birth, and postpartum situation. 

my fiancee is completing her residency.  we live together and have for a few years now.  we aren't in any hurry to get married.  we originally had plans to do so a couple of years ago but then we got really busy for two years.  

it is driving my very religious parents crazy that their youngest son is living in sin.  i don't really care.  i'm an adult and i do what i want.  we are getting married in june.  

so we are visiting my parents for christmas. the way it came together this year everyone is at my parents house.  so that's my folks, my three siblings, myself and fiancee, and seven grandchildren.  so seventeen people.  

at dinner my mom starts going on about how she is so glad that we are finally getting married and she won't be embarrassed at church any more.  and my dad says how proud he is of his three older kids who all either waited to get married before moving in together or got married right away after moving in together.  my fiancee was getting embarrassed and i was getting mad over this stupid argument we have had too many times. and a family dinner was the last straw.  

i have asked them repeatedly to just accept that they cannot control how i live my life.  i refuse to stay with them when i visit even if i come alone.  hotels are just easier.  

so i started talking about a premature baby i had been reading about.  it was almost three months premature and weighed about 1.6 pounds. it was super strong and healthy for being born so little and the nicu had high hopes for the baby doing well.  

my mom and dad both got deer in the headlights looks on their faces.  to bad. should not have fucked around with my fiancee's feelings.  

so i asked about my oldest brother.  he was born almost four months premature.  is there a chance that we could check out the family album where we keep all the records of family births and stuff.  

i already know my brother was over 9 pounds and almost 23"" long when he was born.  my grandmother told me all about it the first time my parents tried to shame me. 

the subject gets changed very fast.  after supper my parents told me that i should not try to embarrass them with private things that are not my concern.  i told them that if i heard anything about my living arrangements ever again for the rest of my life i would make sure to keep bringing up the fact that my mom was in her second trimester when they got married.

my parents are mad at me for telling them how to behave in their own home.  but my fiancee is happy that they seem to be off the subject for good.  

aita?",NTA
AITA for saying things my wife gives our infant in front of our child’s doctor?,"my wife and i have a 2 month old daughter. for the past month she’s been feeding our baby mashed potatoes, applesauce, sweet tea, assorted fruit juices and other things.

the last time we went to the doctor, our pediatrician told us to not give her anything but formula until she was between 4-6 months old. my wife does not care and says she knows best for our child and our doctor isn’t the parent. 

our daughter is always constipated and screams for hours at night that my wife says is “colic” i’ve asked her numerous times to stop feeding our infant table food and go back to giving her formula. she is only feeding her one or two bottles of formula while i’m at work. 

the other morning she was cooking scrambled eggs and oatmeal and i was off work so i started to make our daughter a bottle and feed her and she stopped me and told me not to fill her up with that and she wanted her to eat her oatmeal first. i fed her the bottle anyway after a huge argument. 

well baby had a doctors appointment and my wife was talking about the colic and screaming fits and when the doctor asked what she was feeding her she only said “formula” nothing else. i was angry because she lied and told her the pediatrician every single thing that she had been giving her and the doctor strongly recommended her to stop and that she was causing stomach upset and more than likely the reason for all her stomach issues. 

instead of being apologetic for this, my wife is mad at me and told me i “ratted” her out to the doctor and that she doesn’t have to listen to her and that it’s only a recommendation and that i made her look like a bad parent. i tell her what a selfish little twat she was being and now she wants me to go stay with my parents until she forgives me and asks me to come home. aita here? i maybe i shouldn’t have flew mad at her and said some things i did. maybe i should apologize to my wife.",NTA
AITA for hiding embarrassing notes in my house as a joke because I know my fiance's mom snoops?,"i bought a house seven years ago and i met my fiance, al, four years ago this year he moved in. we're talking about making it a home for both of us.

but as of now, he hasn't moved much stuff in, right now 95% of the stuff and furniture in the house is mine. 

when his mom comes over, she's kind of a snoop. he was used to that, but when she comes to our house, it's so uncomfortable because she's just going through my shit. 

when i am bothered, she's like ""i was just helping with chores"" etc. he says i should just let her because she has ""a lot of nervous energy"" 

one thing she snooped on was actually embarrassing. in my home office, i had a little ""affirmation"" post it note on my monitor saying ""i am smart, i am skilled, i am deserving of great things"" it was a silly thing my therapist recommended to get me in a confident mindset before an interview. 

anyway, she made a comment to about my ego... 

but as a joke, i decided to do it again. i had my best friend over and we got wine drunk and wrote a bunch of ""affirmations"" to hide.

some were:

medicine cabinet: my teeth will regrow! i am sharklike and powerful!

kitchen drawers: i know when to spoon, but i also know when to fork! i am sexy and self assured!

work desk: i will not just fuck my way to the top of the company, i will fuck my way to the top of the world! 

walk in closet: i am beautiful with clothes and without! especially without! my boobs are legendary!


there were a bunch more, and my friend and i had a hilarious time writing them. 

next time my mil came over she saw a few. and she didn't acknowledge them to me even though she definitely started acting a little weird about me. 

i went to run some errands and when i was out, she confronted al about the notes and was trying to tell him that i seemed unstable, egotistical, and moving in was a bad idea. she showed him the notes and he didn't really know what to make of it. 

he asked me and i said that they were just some silly private notes to boost my self confidence and make myself laugh; how had she gotten them? had she been going through my things? 

he said she was just tidying, and saw them. and they were real weird.

i was like 'have you met me? you should know how weird i am. anyway if you don't want your mom seeing my weird shit you've got to stop letting her go through my shit""

he asked if i left them on purpose to annoy her, and i admitted that was kinda the joke, but i also have other weird or private shit so what i said about her needing to stop snooping if she didn't want to find weird crap was still for real.

he said i was making stuff hard for him, his mom was really protective and adjusting to him moving in with a girlfriend for the first time, and i was agitating her on purpose and making her think i wouldn't be a good partner, when he wanted her to have the opposite impression of me!

aita for the note prank?",NTA
